insert into customer_permission(id,url,method,label,descr) values('1','/api/v1/customer/permission','GET','customer','查询所有权限');
insert into customer_permission(id,url,method,label,descr) values('2','/api/v1/customer/permission','POST','customer','新增权限');
insert into customer_permission(id,url,method,label,descr) values('3','/api/v1/customer/permission/:id','GET','customer','查询单个权限');
insert into customer_permission(id,url,method,label,descr) values('4','/api/v1/customer/permission/:id','PUT','customer','修改单个权限');
insert into customer_permission(id,url,method,label,descr) values('5','/api/v1/customer/permission/:id','DELETE','customer','删除单个权限');
insert into customer_permission(id,url,method,label,descr) values('11','/api/v1/customer/menu','GET','customer','查询所有菜单权限');
insert into customer_permission(id,url,method,label,descr) values('12','/api/v1/customer/menu','POST','customer','新增菜单权限');
insert into customer_permission(id,url,method,label,descr) values('13','/api/v1/customer/menu/:id','GET','customer','查询单个菜单权限');
insert into customer_permission(id,url,method,label,descr) values('14','/api/v1/customer/menu/:id','PUT','customer','修改单个菜单权限');
insert into customer_permission(id,url,method,label,descr) values('15','/api/v1/customer/menu/:id','DELETE','customer','删除单个菜单权限');
insert into customer_permission(id,url,method,label,descr) values('21','/api/v1/customer/button','GET','customer','查询所有按钮');
insert into customer_permission(id,url,method,label,descr) values('22','/api/v1/customer/button','POST','customer','新增按钮');
insert into customer_permission(id,url,method,label,descr) values('23','/api/v1/customer/button/:id','GET','customer','查询单个按钮');
insert into customer_permission(id,url,method,label,descr) values('24','/api/v1/customer/button/:id','PUT','customer','修改单个按钮');
insert into customer_permission(id,url,method,label,descr) values('25','/api/v1/customer/button/:id','DELETE','customer','删除单个按钮');
insert into customer_permission(id,url,method,label,descr) values('31','/api/v1/customer/role','GET','customer','查询所有角色');
insert into customer_permission(id,url,method,label,descr) values('32','/api/v1/customer/role','POST','customer','新增角色');
insert into customer_permission(id,url,method,label,descr) values('33','/api/v1/customer/role/:id','GET','customer','查询单个角色');
insert into customer_permission(id,url,method,label,descr) values('34','/api/v1/customer/role/:id','PUT','customer','修改单个角色');
insert into customer_permission(id,url,method,label,descr) values('35','/api/v1/customer/role/:id','DELETE','customer','删除单个角色');
insert into customer_permission(id,url,method,label,descr) values('36','/api/v1/customer/me/menu/tree','GET','customer','查询角色权限树');
insert into customer_permission(id,url,method,label,descr) values('41','/api/v1/customer/user','GET','customer','查询所有用户');
insert into customer_permission(id,url,method,label,descr) values('42','/api/v1/customer/user','POST','customer','新增用户');
insert into customer_permission(id,url,method,label,descr) values('43','/api/v1/customer/user/:id','GET','customer','查询单个用户');
insert into customer_permission(id,url,method,label,descr) values('44','/api/v1/customer/user/:id','PUT','customer','修改单个用户');
insert into customer_permission(id,url,method,label,descr) values('45','/api/v1/customer/user/:id','DELETE','customer','删除单个用户');
insert into customer_permission(id,url,method,label,descr) values('46','/api/v1/customer/user/password/:id','PATCH','customer','重置用户密码');
insert into customer_permission(id,url,method,label,descr) values('47','/api/v1/customer/me/password','PATCH','customer','修改个人密码');
insert into customer_permission(id,url,method,label,descr) values('48','/api/v1/customer/user/record/login','GET','customer','查询用户登录记录');
insert into customer_permission(id,url,method,label,descr) values('49','/api/v1/customer/me/record/login','GET','customer','查询个人登录记录');
insert into customer_permission(id,url,method,label,descr) values('1001','/api/v1/resource/host','GET','resource','查询主机列表');
insert into customer_permission(id,url,method,label,descr) values('1002','/api/v1/resource/host','POST','resource','新增主机');
insert into customer_permission(id,url,method,label,descr) values('1003','/api/v1/resource/host/:id','GET','resource','查询单个主机');
insert into customer_permission(id,url,method,label,descr) values('1004','/api/v1/resource/host/:id','PUT','resource','修改单个主机');
insert into customer_permission(id,url,method,label,descr) values('1005','/api/v1/resource/host/:id','DELETE','resource','删除单个主机');
insert into customer_permission(id,url,method,label,descr) values('1011','/api/v1/resource/package','GET','resource','查询程序包列表');
insert into customer_permission(id,url,method,label,descr) values('1012','/api/v1/resource/package','POST','resource','上传程序包');
insert into customer_permission(id,url,method,label,descr) values('1013','/api/v1/resource/package/:id','GET','resource','查询程序包详情');
insert into customer_permission(id,url,method,label,descr) values('1015','/api/v1/resource/package/:id','DELETE','resource','删除程序包');
insert into customer_permission(id,url,method,label,descr) values('1016','/api/v1/resource/package/:id/download','GET','resource','下载程序包');
insert into customer_permission(id,url,method,label,descr) values('2001','/api/v1/jobs/script','GET','jobs','查询脚本列表');
insert into customer_permission(id,url,method,label,descr) values('2002','/api/v1/jobs/script','POST','jobs','新增脚本');
insert into customer_permission(id,url,method,label,descr) values('2003','/api/v1/jobs/script/:id','GET','jobs','查询单个脚本');
insert into customer_permission(id,url,method,label,descr) values('2004','/api/v1/jobs/script/:id','PUT','jobs','修改单个脚本');
insert into customer_permission(id,url,method,label,descr) values('2005','/api/v1/jobs/script/:id','DELETE','jobs','删除单个脚本');
insert into customer_permission(id,url,method,label,descr) values('2006','/api/v1/jobs/script/:id/download','GET','jobs','下载单个脚本');
insert into customer_permission(id,url,method,label,descr) values('2011','/api/v1/jobs/record','GET','jobs','查询脚本执行记录列表');
insert into customer_permission(id,url,method,label,descr) values('2012','/api/v1/jobs/record','POST','jobs','执行脚本');
insert into customer_permission(id,url,method,label,descr) values('2013','/api/v1/jobs/record/:id','GET','jobs','查询单个脚本执行记录');
insert into customer_permission(id,url,method,label,descr) values('2016','/api/v1/jobs/record/:id/log','GET','jobs','下载脚本执行日志');
insert into customer_permission(id,url,method,label,descr) values('2017','/api/v1/jobs/record/:id','DELETE','jobs','对正在执行的脚本发送终止信号');
insert into customer_permission(id,url,method,label,descr) values('2021','/api/v1/jobs/schedule','GET','jobs','查询计划任务列表');
insert into customer_permission(id,url,method,label,descr) values('2022','/api/v1/jobs/schedule','POST','jobs','新增计划任务');
insert into customer_permission(id,url,method,label,descr) values('2023','/api/v1/jobs/schedule/:id','GET','jobs','查询单个计划任务');
insert into customer_permission(id,url,method,label,descr) values('2024','/api/v1/jobs/schedule/:id','PUT','jobs','修改单个计划任务');
insert into customer_permission(id,url,method,label,descr) values('2025','/api/v1/jobs/schedule/:id','DELETE','jobs','删除单个计划任务');
insert into customer_permission(id,url,method,label,descr) values('3001','/api/v1/mon/node','GET','mon','查询mon节点列表');
insert into customer_permission(id,url,method,label,descr) values('3002','/api/v1/mon/node','POST','mon','新增mon节点');
insert into customer_permission(id,url,method,label,descr) values('3003','/api/v1/mon/node/:id','GET','mon','查询单个mon节点');
insert into customer_permission(id,url,method,label,descr) values('3004','/api/v1/mon/node/:id','PUT','mon','修改单个mon节点');
insert into customer_permission(id,url,method,label,descr) values('3005','/api/v1/mon/node/:id','DELETE','mon','删除单个mon节点');
insert into customer_permission(id,url,method,label,descr) values('4001','/api/v1/mds/colony','GET','mds','查询mds集群列表');
insert into customer_permission(id,url,method,label,descr) values('4002','/api/v1/mds/colony','POST','mds','新增mds集群');
insert into customer_permission(id,url,method,label,descr) values('4003','/api/v1/mds/colony/:id','GET','mds','查询单个mds集群');
insert into customer_permission(id,url,method,label,descr) values('4004','/api/v1/mds/colony/:id','PUT','mds','修改单个mds集群');
insert into customer_permission(id,url,method,label,descr) values('4005','/api/v1/mds/colony/:id','DELETE','mds','删除单个mds集群');
insert into customer_permission(id,url,method,label,descr) values('4006','/api/v1/mds/colony/status','GET','mds','查询mds集群的任务状态');
insert into customer_permission(id,url,method,label,descr) values('4011','/api/v1/mds/node','GET','mds','查询mds节点列表');
insert into customer_permission(id,url,method,label,descr) values('4012','/api/v1/mds/node','POST','mds','新增mds节点');
insert into customer_permission(id,url,method,label,descr) values('4013','/api/v1/mds/node/:id','GET','mds','查询单个mds节点');
insert into customer_permission(id,url,method,label,descr) values('4014','/api/v1/mds/node/:id','PUT','mds','修改单个mds节点');
insert into customer_permission(id,url,method,label,descr) values('4015','/api/v1/mds/node/:id','DELETE','mds','删除单个mds节点');
insert into customer_permission(id,url,method,label,descr) values('4021','/api/v1/mds/:colony_num/conf/:dir_name','GET','mds','获取mds配置文件列表');
insert into customer_permission(id,url,method,label,descr) values('4022','/api/v1/mds/:colony_num/conf/:dir_name','POST','mds','上传mds配置文件');
insert into customer_permission(id,url,method,label,descr) values('4025','/api/v1/mds/:colony_num/conf/:dir_name/:filename','DELETE','mds','删除mds配置文件');
insert into customer_permission(id,url,method,label,descr) values('4026','/api/v1/mds/:colony_num/conf/:dir_name/:filename','GET','mds','下载mds配置文件');
insert into customer_permission(id,url,method,label,descr) values('5001','/api/v1/oes/colony','GET','oes','查询oes集群列表');
insert into customer_permission(id,url,method,label,descr) values('5002','/api/v1/oes/colony','POST','oes','新增oes集群');
insert into customer_permission(id,url,method,label,descr) values('5003','/api/v1/oes/colony/:id','GET','oes','查询单个oes集群');
insert into customer_permission(id,url,method,label,descr) values('5004','/api/v1/oes/colony/:id','PUT','oes','修改单个oes集群');
insert into customer_permission(id,url,method,label,descr) values('5005','/api/v1/oes/colony/:id','DELETE','oes','删除单个oes集群');
insert into customer_permission(id,url,method,label,descr) values('5006','/api/v1/oes/colony/status/stk','GET','oes','查询oes现货的任务状态');
insert into customer_permission(id,url,method,label,descr) values('5007','/api/v1/oes/colony/status/crd','GET','oes','查询oes两融的任务状态');
insert into customer_permission(id,url,method,label,descr) values('5008','/api/v1/oes/colony/status/opt','GET','oes','查询oes期权的任务状态');
insert into customer_permission(id,url,method,label,descr) values('5011','/api/v1/oes/node','GET','oes','查询oes节点列表');
insert into customer_permission(id,url,method,label,descr) values('5012','/api/v1/oes/node','POST','oes','新增oes节点');
insert into customer_permission(id,url,method,label,descr) values('5013','/api/v1/oes/node/:id','GET','oes','查询单个oes节点');
insert into customer_permission(id,url,method,label,descr) values('5014','/api/v1/oes/node/:id','PUT','oes','修改单个oes节点');
insert into customer_permission(id,url,method,label,descr) values('5015','/api/v1/oes/node/:id','DELETE','oes','删除单个oes集群');
insert into customer_permission(id,url,method,label,descr) values('5021','/api/v1/oes/:colony_num/conf/:dir_name','GET','oes','获取oes配置文件列表');
insert into customer_permission(id,url,method,label,descr) values('5022','/api/v1/oes/:colony_num/conf/:dir_name','POST','oes','上传oes配置文件');
insert into customer_permission(id,url,method,label,descr) values('5025','/api/v1/oes/:colony_num/conf/:dir_name/:filename','DELETE','oes','删除oes配置文件');
insert into customer_permission(id,url,method,label,descr) values('5026','/api/v1/oes/:colony_num/conf/:dir_name/:filename','GET','oes','下载oes配置文件');


insert into customer_role(name,descr) values('admin','系统管理员');

insert into customer_role_permission(role_id,permission_id) values('1','1');
insert into customer_role_permission(role_id,permission_id) values('1','2');
insert into customer_role_permission(role_id,permission_id) values('1','3');
insert into customer_role_permission(role_id,permission_id) values('1','4');
insert into customer_role_permission(role_id,permission_id) values('1','5');
insert into customer_role_permission(role_id,permission_id) values('1','11');
insert into customer_role_permission(role_id,permission_id) values('1','12');
insert into customer_role_permission(role_id,permission_id) values('1','13');
insert into customer_role_permission(role_id,permission_id) values('1','14');
insert into customer_role_permission(role_id,permission_id) values('1','15');
insert into customer_role_permission(role_id,permission_id) values('1','21');
insert into customer_role_permission(role_id,permission_id) values('1','22');
insert into customer_role_permission(role_id,permission_id) values('1','23');
insert into customer_role_permission(role_id,permission_id) values('1','24');
insert into customer_role_permission(role_id,permission_id) values('1','25');
insert into customer_role_permission(role_id,permission_id) values('1','31');
insert into customer_role_permission(role_id,permission_id) values('1','32');
insert into customer_role_permission(role_id,permission_id) values('1','33');
insert into customer_role_permission(role_id,permission_id) values('1','34');
insert into customer_role_permission(role_id,permission_id) values('1','35');
insert into customer_role_permission(role_id,permission_id) values('1','36');
insert into customer_role_permission(role_id,permission_id) values('1','41');
insert into customer_role_permission(role_id,permission_id) values('1','42');
insert into customer_role_permission(role_id,permission_id) values('1','43');
insert into customer_role_permission(role_id,permission_id) values('1','44');
insert into customer_role_permission(role_id,permission_id) values('1','45');
insert into customer_role_permission(role_id,permission_id) values('1','46');
insert into customer_role_permission(role_id,permission_id) values('1','47');
insert into customer_role_permission(role_id,permission_id) values('1','48');
insert into customer_role_permission(role_id,permission_id) values('1','49');
insert into customer_role_permission(role_id,permission_id) values('1','1001');
insert into customer_role_permission(role_id,permission_id) values('1','1002');
insert into customer_role_permission(role_id,permission_id) values('1','1003');
insert into customer_role_permission(role_id,permission_id) values('1','1004');
insert into customer_role_permission(role_id,permission_id) values('1','1005');
insert into customer_role_permission(role_id,permission_id) values('1','1011');
insert into customer_role_permission(role_id,permission_id) values('1','1012');
insert into customer_role_permission(role_id,permission_id) values('1','1013');
insert into customer_role_permission(role_id,permission_id) values('1','1015');
insert into customer_role_permission(role_id,permission_id) values('1','1016');
insert into customer_role_permission(role_id,permission_id) values('1','2001');
insert into customer_role_permission(role_id,permission_id) values('1','2002');
insert into customer_role_permission(role_id,permission_id) values('1','2003');
insert into customer_role_permission(role_id,permission_id) values('1','2004');
insert into customer_role_permission(role_id,permission_id) values('1','2005');
insert into customer_role_permission(role_id,permission_id) values('1','2006');
insert into customer_role_permission(role_id,permission_id) values('1','2011');
insert into customer_role_permission(role_id,permission_id) values('1','2012');
insert into customer_role_permission(role_id,permission_id) values('1','2013');
insert into customer_role_permission(role_id,permission_id) values('1','2016');
insert into customer_role_permission(role_id,permission_id) values('1','2021');
insert into customer_role_permission(role_id,permission_id) values('1','2022');
insert into customer_role_permission(role_id,permission_id) values('1','2023');
insert into customer_role_permission(role_id,permission_id) values('1','2024');
insert into customer_role_permission(role_id,permission_id) values('1','2025');
insert into customer_role_permission(role_id,permission_id) values('1','2017');
insert into customer_role_permission(role_id,permission_id) values('1','3001');
insert into customer_role_permission(role_id,permission_id) values('1','3002');
insert into customer_role_permission(role_id,permission_id) values('1','3003');
insert into customer_role_permission(role_id,permission_id) values('1','3004');
insert into customer_role_permission(role_id,permission_id) values('1','3005');
insert into customer_role_permission(role_id,permission_id) values('1','4001');
insert into customer_role_permission(role_id,permission_id) values('1','4002');
insert into customer_role_permission(role_id,permission_id) values('1','4003');
insert into customer_role_permission(role_id,permission_id) values('1','4004');
insert into customer_role_permission(role_id,permission_id) values('1','4005');
insert into customer_role_permission(role_id,permission_id) values('1','4011');
insert into customer_role_permission(role_id,permission_id) values('1','4012');
insert into customer_role_permission(role_id,permission_id) values('1','4013');
insert into customer_role_permission(role_id,permission_id) values('1','4014');
insert into customer_role_permission(role_id,permission_id) values('1','4015');
insert into customer_role_permission(role_id,permission_id) values('1','4021');
insert into customer_role_permission(role_id,permission_id) values('1','4022');
insert into customer_role_permission(role_id,permission_id) values('1','4025');
insert into customer_role_permission(role_id,permission_id) values('1','4026');
insert into customer_role_permission(role_id,permission_id) values('1','4006');
insert into customer_role_permission(role_id,permission_id) values('1','5001');
insert into customer_role_permission(role_id,permission_id) values('1','5002');
insert into customer_role_permission(role_id,permission_id) values('1','5003');
insert into customer_role_permission(role_id,permission_id) values('1','5004');
insert into customer_role_permission(role_id,permission_id) values('1','5005');
insert into customer_role_permission(role_id,permission_id) values('1','5006');
insert into customer_role_permission(role_id,permission_id) values('1','5007');
insert into customer_role_permission(role_id,permission_id) values('1','5008');
insert into customer_role_permission(role_id,permission_id) values('1','5011');
insert into customer_role_permission(role_id,permission_id) values('1','5012');
insert into customer_role_permission(role_id,permission_id) values('1','5013');
insert into customer_role_permission(role_id,permission_id) values('1','5014');
insert into customer_role_permission(role_id,permission_id) values('1','5015');
insert into customer_role_permission(role_id,permission_id) values('1','5021');
insert into customer_role_permission(role_id,permission_id) values('1','5022');
insert into customer_role_permission(role_id,permission_id) values('1','5025');
insert into customer_role_permission(role_id,permission_id) values('1','5026');


insert into customer_user(username,password,is_active,is_staff,role_id) values('mon','$2a$12$vmjs0S6AShmCBJSsXpJ2d.as4F2w0ywm5yzQmn8JLU9UTyM5qwf1i','true','true','1');


insert into jobs_script(username,project,label,name,language,status,is_builtin,descr) values('mon','mds','dep','deploy.sh','shell','true','true','部署mds集群');
insert into jobs_script(username,project,label,name,language,status,is_builtin,descr) values('mon','mds','dep','backup.sh','shell','true','true','备份mds集群');
insert into jobs_script(username,project,label,name,language,status,is_builtin,descr) values('mon','mds','dep','rollback.sh','shell','true','true','回滚mds集群');
insert into jobs_script(username,project,label,name,language,status,is_builtin,descr) values('mon','mds','cmd','mon.sh','shell','true','true','拉取mon上场文件');
insert into jobs_script(username,project,label,name,language,status,is_builtin,descr) values('mon','mds','cmd','bse.sh','shell','true','true','拉取北京产品文件');
insert into jobs_script(username,project,label,name,language,status,is_builtin,descr) values('mon','mds','cmd','sse.sh','shell','true','true','拉取上海产品文件');
insert into jobs_script(username,project,label,name,language,status,is_builtin,descr) values('mon','mds','cmd','szse.sh','shell','true','true','拉取深圳产品文件');
insert into jobs_script(username,project,label,name,language,status,is_builtin,descr) values('mon','mds','cmd','backup.sh','shell','true','true','mds系统日常备份');
insert into jobs_script(username,project,label,name,language,status,is_builtin,descr) values('mon','mds','cmd','reset.sh','shell','true','true','重置mds');
insert into jobs_script(username,project,label,name,language,status,is_builtin,descr) values('mon','mds','cmd','nakedstart.sh','shell','true','true','裸启动mds');
insert into jobs_script(username,project,label,name,language,status,is_builtin,descr) values('mon','mds','cmd','load.sh','shell','true','true','mds加载上场数据');
insert into jobs_script(username,project,label,name,language,status,is_builtin,descr) values('mon','mds','cmd','start.sh','shell','true','true','启动mds');
insert into jobs_script(username,project,label,name,language,status,is_builtin,descr) values('mon','mds','cmd','stop.sh','shell','true','true','停止mds');
insert into jobs_script(username,project,label,name,language,status,is_builtin,descr) values('mon','mds','cmd','shutoff.sh','shell','true','true','关闭mds');
insert into jobs_script(username,project,label,name,language,status,is_builtin,descr) values('mon','mds','cmd_emgy_mds','mds_cleartx_start.sh','shell','true','true','mds清除txlog重启');
insert into jobs_script(username,project,label,name,language,status,is_builtin,descr) values('mon','mds','cmd_emgy_mds','mds_colony_restart.sh','shell','true','true','mds集群拉取上场文件重启');
insert into jobs_script(username,project,label,name,language,status,is_builtin,descr) values('mon','mds','cmd_emgy_mds','mds_fixed_start.sh','shell','true','true','mds主备切换重启');
insert into jobs_script(username,project,label,name,language,status,is_builtin,descr) values('mon','mds','cmd_emgy_mds','mds_killall.sh','shell','true','true','强杀mds');
insert into jobs_script(username,project,label,name,language,status,is_builtin,descr) values('mon','mds','cmd_emgy_mds','mds_okflag.sh','shell','true','true','生成mds的flag标识');
insert into jobs_script(username,project,label,name,language,status,is_builtin,descr) values('mon','mds','cmd_emgy_mds','mds_restart.sh','shell','true','true','重启mds');
insert into jobs_script(username,project,label,name,language,status,is_builtin,descr) values('mon','mds','cmd_emgy_mds','mds_set_status.sh','shell','true','true','设置mds指定任务状态');
insert into jobs_script(username,project,label,name,language,status,is_builtin,descr) values('mon','mds','cmd_emgy_mds','mds_zb_control.sh','shell','true','true','mds灾备');
insert into jobs_script(username,project,label,name,language,status,is_builtin,descr) values('mon','oes','dep','deploy.sh','shell','true','true','部署oes集群');
insert into jobs_script(username,project,label,name,language,status,is_builtin,descr) values('mon','oes','dep','backup.sh','shell','true','true','备份oes集群');
insert into jobs_script(username,project,label,name,language,status,is_builtin,descr) values('mon','oes','dep','rollback.sh','shell','true','true','回滚oes集群');
insert into jobs_script(username,project,label,name,language,status,is_builtin,descr) values('mon','oes','cmd','mon.sh','shell','true','true','拉取mon上场文件');
insert into jobs_script(username,project,label,name,language,status,is_builtin,descr) values('mon','oes','cmd','counter_fetch.sh','shell','true','true','拉取主柜文件');
insert into jobs_script(username,project,label,name,language,status,is_builtin,descr) values('mon','oes','cmd','counter_distribute.sh','shell','true','true','分发主柜文件');
insert into jobs_script(username,project,label,name,language,status,is_builtin,descr) values('mon','oes','cmd','bse.sh','shell','true','true','拉取北京产品文件');
insert into jobs_script(username,project,label,name,language,status,is_builtin,descr) values('mon','oes','cmd','sse.sh','shell','true','true','拉取上海产品文件');
insert into jobs_script(username,project,label,name,language,status,is_builtin,descr) values('mon','oes','cmd','szse.sh','shell','true','true','拉取深圳产品文件');
insert into jobs_script(username,project,label,name,language,status,is_builtin,descr) values('mon','oes','cmd','csdc.sh','shell','true','true','拉取中登产品文件');
insert into jobs_script(username,project,label,name,language,status,is_builtin,descr) values('mon','oes','cmd','sse_late.sh','shell','true','true','拉取上海晚到产品文件');
insert into jobs_script(username,project,label,name,language,status,is_builtin,descr) values('mon','oes','cmd','szse_late.sh','shell','true','true','拉取深圳晚到产品文件');
insert into jobs_script(username,project,label,name,language,status,is_builtin,descr) values('mon','oes','cmd','backup.sh','shell','true','true','oes系统日常备份');
insert into jobs_script(username,project,label,name,language,status,is_builtin,descr) values('mon','oes','cmd','thaw.sh','shell','true','true','解冻主柜资金持仓');
insert into jobs_script(username,project,label,name,language,status,is_builtin,descr) values('mon','oes','cmd','reset.sh','shell','true','true','重置oes');
insert into jobs_script(username,project,label,name,language,status,is_builtin,descr) values('mon','oes','cmd','nakedstart.sh','shell','true','true','裸启动oes');
insert into jobs_script(username,project,label,name,language,status,is_builtin,descr) values('mon','oes','cmd','load.sh','shell','true','true','oes加载上场数据');
insert into jobs_script(username,project,label,name,language,status,is_builtin,descr) values('mon','oes','cmd','open.sh','shell','true','true','oes开工');
insert into jobs_script(username,project,label,name,language,status,is_builtin,descr) values('mon','oes','cmd','close.sh','shell','true','true','oes收工');
insert into jobs_script(username,project,label,name,language,status,is_builtin,descr) values('mon','oes','cmd','shutoff.sh','shell','true','true','oes下线');
insert into jobs_script(username,project,label,name,language,status,is_builtin,descr) values('mon','oes','cmd','stop.sh','shell','true','true','oes停止');
insert into jobs_script(username,project,label,name,language,status,is_builtin,descr) values('mon','oes','cmd_emgy_oes','cancel_onload_restart.sh','shell','true','true','oes重启onload');
insert into jobs_script(username,project,label,name,language,status,is_builtin,descr) values('mon','oes','cmd_emgy_oes','oes_colony_restart.sh','shell','true','true','oes集群拉取上场文件重启');
insert into jobs_script(username,project,label,name,language,status,is_builtin,descr) values('mon','oes','cmd_emgy_oes','oes_ezoes_fallback.sh','shell','true','true','回滚ezoes');
insert into jobs_script(username,project,label,name,language,status,is_builtin,descr) values('mon','oes','cmd_emgy_oes','oes_ezoes_restart.sh','shell','true','true','重启ezoes');
insert into jobs_script(username,project,label,name,language,status,is_builtin,descr) values('mon','oes','cmd_emgy_oes','oes_fixed_start.sh','shell','true','true','oes主备切换重启');
insert into jobs_script(username,project,label,name,language,status,is_builtin,descr) values('mon','oes','cmd_emgy_oes','oes_killall.sh','shell','true','true','强杀oes');
insert into jobs_script(username,project,label,name,language,status,is_builtin,descr) values('mon','oes','cmd_emgy_oes','oes_okflag.sh','shell','true','true','生成oes的flag标识');
insert into jobs_script(username,project,label,name,language,status,is_builtin,descr) values('mon','oes','cmd_emgy_oes','oes_restart.sh','shell','true','true','重启oes');
insert into jobs_script(username,project,label,name,language,status,is_builtin,descr) values('mon','oes','cmd_emgy_oes','oes_set_status.sh','shell','true','true','设置oes指定任务状态');
insert into jobs_script(username,project,label,name,language,status,is_builtin,descr) values('mon','oes','cmd_emgy_oes','oes_zb_control.sh','shell','true','true','oes灾备');
insert into jobs_script(username,project,label,name,language,status,is_builtin,descr) values('mon','mon','cmd','start.sh','shell','true','true','启动mon');
insert into jobs_script(username,project,label,name,language,status,is_builtin,descr) values('mon','mon','cmd','stop.sh','shell','true','true','停止mon');
insert into jobs_script(username,project,label,name,language,status,is_builtin,descr) values('mon','mon','dep','backup.sh','shell','true','true','备份mon');
insert into jobs_script(username,project,label,name,language,status,is_builtin,descr) values('mon','mon','dep','rollback.sh','shell','true','true','回滚mon');
